User Type, First Name, Last Name, Email, Phone, DOB(mm/dd/yyyy  EX: 01/03/2000), Job Id, SSLC Percentage, SSLC Passed Year, PUC Percentage, PUC Passed Year, Graduation Percentage, Graduation Passed Year, Graduation, Post Graduation Percentage, Post Graduation Passed Year, Post Graduation," Preferred Job Location(1  - Delhi(NCR), 2 -  Mumbai)","Work Experience Area(multiple areas separated by |(pipe symbol)) (options → Sales - Banking & Fin Services, Non-Sales – Banking & Fin Services and Others )",Work Experience Months(values separated by -)
TJ, applicant2, second2, shyam.saha@gmail.com,2147483647,01/21/2000,1,50,2004,45,2006,40,2010,BE,35,2013,Mtech,1,Sales - Banking & Fin Services|Non-Sales - Banking & Fin Services,23-25
TJ, applicant, second,nandeesh.mp@gmail.com,1234567896,03/01/2000,2,90,2004,89,2006,87,2010,BA,85,2013,MBA,2,Non-Sales - Banking & Fin Services,36
,,,,,,,,,,,,,,,,,,,
NOTE:,work experience and work area parameters should map exactly,,,,,,,,,,,,,,,,,,
